<?xml version="1.0" encoding="UTF-8"?>
<root>
  <item name="com.andrognito.pinlockview.IndicatorDots int getIndicatorType()">
    <annotation name="androidx.annotation.IntDef">
      <val name="value" val="{com.andrognito.pinlockview.IndicatorDots.IndicatorType.FIXED, com.andrognito.pinlockview.IndicatorDots.IndicatorType.FILL, com.andrognito.pinlockview.IndicatorDots.IndicatorType.FILL_WITH_ANIMATION}" />
    </annotation>
  </item>
  <item name="com.andrognito.pinlockview.IndicatorDots void setIndicatorType(int) 0">
    <annotation name="androidx.annotation.IntDef">
      <val name="value" val="{com.andrognito.pinlockview.IndicatorDots.IndicatorType.FIXED, com.andrognito.pinlockview.IndicatorDots.IndicatorType.FILL, com.andrognito.pinlockview.IndicatorDots.IndicatorType.FILL_WITH_ANIMATION}" />
    </annotation>
  </item>
  <item name="com.andrognito.pinlockview.IndicatorDots.IndicatorType">
    <annotation name="androidx.annotation.IntDef">
      <val name="value" val="{com.andrognito.pinlockview.IndicatorDots.IndicatorType.FIXED, com.andrognito.pinlockview.IndicatorDots.IndicatorType.FILL, com.andrognito.pinlockview.IndicatorDots.IndicatorType.FILL_WITH_ANIMATION}" />
    </annotation>
  </item>
</root>

